id,code,origin,redeemed_at
1,DWEHSP,YouTube,2024-01-10 17:07:01
2,QGKTBC,Discord,2024-02-13 05:40:50
3,YRLUJA,X,2024-02-24 04:35:15
4,ZXCVBN,,2024-03-27 16:28:29
5,POIUYT,YouTube,2024-04-16 19:27:32
6,LKJHGF,Discord,2024-09-05 07:53:23
7,MNBVCX,,2024-10-13 00:24:33
8,ASDFGH,X,2024-10-14 23:45:05
9,HGFDSA,YouTube,
10,TREWQS,Discord,
11,GPWUQJ,Twitch,
12,BUSRTI,unknown,
13,LYITKT,Twitter,
14,TAACUQ,Twitter,
15,MCQDMZ,Twitch,
16,ZBQNJW,Twitch,
17,MPKOPO,Twitter,
18,GIMVXT,unknown,
19,EEDTGL,YouTube,
20,MXRKWM,YouTube,
21,MCQNTH,Twitch,
22,GBSWDR,Twitter,
23,EBOIUN,YouTube,
24,XVIIZT,unknown,
25,AMORJA,Twitch,
26,GBEOKT,Discord,
27,NKQEJC,Twitch,
28,RHIJZU,Discord,
29,RQVIEY,Twitch,
30,ISIIFZ,Twitter,
31,SZPTOU,Twitter,
32,JMYOWM,Twitter,
33,VRYTKA,Twitter,
34,ABQXTN,unknown,
35,TEVRMR,unknown,
36,GDQFPM,Discord,
37,BAIBKI,unknown,
38,BTZHJW,Twitch,
39,CYSDFN,Twitter,
40,QFFEQD,YouTube,
41,EWZHBR,YouTube,
42,XZNYEM,YouTube,
43,JHVHIH,Twitch,
44,KYMUWX,YouTube,
45,DUMRPO,YouTube,
46,ROLLXZ,Discord,
47,QGUJQI,Twitch,
48,DLBFAT,Twitch,
49,UPWRJL,YouTube,
50,MOSBQH,Twitch,
51,EUIWVQ,Discord,
52,TSNGMP,Discord,
53,KNZRDI,Twitter,
54,IFKDGD,Discord,
55,XDEPYA,Twitter,
56,RUOYFE,YouTube,
57,JTZYOQ,Twitter,
58,NWWAPL,Twitter,
59,PLMJAH,YouTube,
60,XRZKQQ,Twitter,
61,NDZLFX,Discord,
62,WFNNMS,YouTube,
63,TIMTUF,Twitch,
64,KCPNYW,Twitter,
65,VVINBX,Discord,
66,ZWAYQZ,Twitch,
67,ZAVRTT,YouTube,
68,MZJJST,YouTube,
69,SJMHRQ,YouTube,
70,QLLKZR,Discord,
71,JCSLJW,Twitch,
72,HYFXUM,YouTube,
73,YUSXNW,Discord,
74,DHPPLC,unknown,
75,EJMCJT,Discord,
76,NVIPIN,unknown,
77,VQIFYD,Twitch,
78,XROLLT,YouTube,
79,SHSMBN,YouTube,
80,QLOUNF,Twitter,
81,IZLCIX,YouTube,
82,LORLEO,Twitch,
83,KJVXOK,Discord,
84,IGMAWU,Twitch,
85,XBUNYP,YouTube,
86,PGRMFM,Discord,
87,VMFHDI,Twitch,
88,JQAIXK,YouTube,
89,BNVBWS,YouTube,
90,OBQYFI,YouTube,
91,PIYUAP,Twitter,
92,OPVOJM,Twitter,
93,GDPFHV,Twitter,
94,SQFYWP,Discord,
95,BWLWIM,Twitch,
96,FLQAUJ,Discord,
97,XBAOVS,Discord,
98,FZGRVO,YouTube,
99,BPMWTD,unknown,
100,MMVBBA,unknown,
101,MEVRAO,YouTube,
102,QBEZDZ,unknown,
103,LURLBX,Discord,
104,RCDOQA,Twitch,
105,KJULBU,Twitter,
106,EJWPVY,Discord,
107,YWBILA,Discord,
108,VETJSN,Twitch,
109,OTMCVC,unknown,
110,ZVQEYM,Twitch,
111,GTJNFY,Discord,
112,BZQSQQ,YouTube,
113,LZUCJA,YouTube,
114,BQVTGS,Discord,
115,QSCPMA,YouTube,
116,ELCIID,unknown,
117,ECRGZS,Twitch,
118,TODXSC,Twitter,
119,VQSQCP,Twitch,
120,GMQDMD,Twitter,
121,WUFGZT,Discord,
122,ARIQCI,Discord,
123,WZHDDK,Twitter,
124,KGEWTU,YouTube,
125,CQAJZF,Discord,
126,MYLWPY,unknown,
127,EZVRGU,unknown,
128,ULWDOH,unknown,
129,JXVGGH,unknown,
130,WPXSMR,Twitter,
131,DAHETH,YouTube,
132,CXUAQG,Twitter,
133,WKRTQI,Discord,
134,WCZZST,unknown,
135,VERLUP,unknown,
136,ADTETQ,unknown,
137,ISOVIC,Discord,
138,JGCURB,Twitch,
139,BZHJZY,Twitter,
140,GJCWIG,YouTube,
141,PEZNWL,Discord,
142,EZZNKL,Twitch,
143,AGNPZS,Twitch,
144,EFNPQL,YouTube,
145,KBFGBL,Discord,
146,QXFRVM,Twitch,
147,IPYDCX,unknown,
148,DOIILD,YouTube,
149,LXDGKI,unknown,
150,GMHKBP,YouTube,
151,HUPMZS,Twitter,
152,CNLZXO,Twitter,
153,NXIYSG,Discord,
154,DYGLXI,Twitch,
155,POSLYK,unknown,
156,NWBRUE,Twitch,
157,QKAEBY,Twitter,
158,WHFQHK,unknown,
159,BTIBYK,Discord,
160,HJOFGD,Twitch,
161,VUZBNB,YouTube,
162,XKCFKA,YouTube,
163,RQBRHF,unknown,
164,BXPKQI,YouTube,
165,DQZEGM,YouTube,
166,XDWDAY,Twitter,
167,LWVGLQ,Discord,
168,SFKRGP,YouTube,
169,GBZFQA,YouTube,
170,WTDSXG,Twitch,
171,XKCFOR,unknown,
172,TTAMML,Twitter,
173,SPMEPN,unknown,
174,KRLFTK,Twitch,
175,PLIBSV,Twitch,
176,IDVPQP,Twitch,
177,PNZAAF,YouTube,
178,TTMZMX,unknown,
179,ZTCVHO,unknown,
180,DVRUMN,unknown,
181,ZZSUVF,Discord,
182,PQAWMK,Twitter,
183,SIWKRG,YouTube,
184,JMLHHN,Twitter,
185,AIKWWS,YouTube,
186,UFKNCI,unknown,
187,YVICCN,Discord,
188,CHINQB,Discord,
189,GJIAOZ,unknown,
190,YPFGQQ,Twitter,
191,RDOJBW,Twitch,
192,VUKNPS,unknown,
193,TZLPNU,YouTube,
194,YTDIYP,Twitter,
195,IIEQPV,Twitch,
196,NFAXCV,Discord,
197,FQQTZM,YouTube,
198,WNTSKH,Discord,
199,GWLTKN,YouTube,
200,DFTJIW,Twitch,
201,HFMYTF,YouTube,
202,AAVGEH,Twitch,
203,MNYXBD,unknown,
204,ZHMTHN,unknown,
205,OYLUDW,YouTube,
206,ENCONB,Twitter,
207,PWZLTX,Discord,
208,LSLKYJ,YouTube,
209,VILIKF,YouTube,
210,UZPUFT,Discord,
211,MFJEFY,YouTube,
212,USYKTQ,Discord,
213,VTTXEA,Twitch,
214,JLPFME,Twitter,
215,UANLOM,unknown,
216,AXTFFQ,unknown,
217,BVIHOT,Twitter,
218,EZOQHH,Discord,
219,RNEVWO,Twitter,
220,VGVURX,Discord,
221,THOBWL,Twitter,
222,NFDAQX,YouTube,
223,QKMUYV,YouTube,
224,TBRLMU,Twitter,
225,JIQQYH,Twitch,
226,MASCVQ,Twitter,
227,IENZGZ,unknown,
228,XRFERF,YouTube,
229,GEOMIZ,Twitter,
230,PVWJWE,unknown,
231,MHAHHY,YouTube,
232,ILYPMN,Twitch,
233,NSKZAD,Twitch,
234,PCCYRY,unknown,
235,NKWTOW,Twitter,
236,THOOIV,YouTube,
237,WTNEHZ,Twitch,
238,WYKNMQ,unknown,
239,SCXIDQ,Discord,
240,BRXVTV,Twitter,
241,MXGTNW,Discord,
242,DVMYWO,Twitter,
243,EFSQOF,YouTube,
244,XGEEZV,unknown,
245,CLUXHA,YouTube,
246,HWGBUD,Discord,
247,CSMDDZ,unknown,
248,OJMJYK,YouTube,
249,LKJAMT,YouTube,
250,SJZRGQ,YouTube,
251,MVSYUL,Discord,
252,YAWMJM,YouTube,
253,MKENSL,Twitch,
254,LIZSJA,Twitter,
255,VYQHJL,Twitch,
256,PGJUDZ,Discord,
257,NGSSYB,Discord,
258,BMQGPD,YouTube,
259,TMPRAT,unknown,
260,SKMUBU,Twitch,
261,FWWKGI,Discord,
262,RMEUNH,Twitter,
263,YYVBRP,Discord,
264,OBHLPM,Twitch,
265,EWINJV,Twitter,
266,DCFPML,Twitter,
267,TECGMN,YouTube,
268,TNNUYV,unknown,
269,NISCLY,Twitter,
270,HDKVEO,YouTube,
271,TGDPKG,unknown,
272,NMLOWX,YouTube,
273,GSXZAE,Discord,
274,KIKTYT,Discord,
275,QHROQL,unknown,
276,BGAEUE,YouTube,
277,HBGRAV,Twitch,
278,HDFHPD,YouTube,
279,UUVUQR,Twitch,
280,GTGUWE,Twitter,
281,XIBIBA,Twitter,
282,KULZHE,Twitter,
283,CFNFHD,YouTube,
284,XNQPIS,unknown,
285,TNTNLF,Twitch,
286,RKPWAW,YouTube,
287,IAZHZS,Twitter,
288,RATPKO,Discord,
289,YPKHEL,Twitter,
290,BANPUW,unknown,
291,SGLBMC,Twitter,
292,MJBXOP,unknown,
293,QFSXNO,Discord,
294,QZLZPJ,Twitch,
295,WOBBXX,Twitter,
296,WJJBDL,unknown,
297,GQHTCB,Twitch,
298,DDACIO,Discord,
299,RXDSSQ,unknown,
300,GIIBKU,Discord,
301,HQJMGE,Discord,
302,PNDEUB,YouTube,
303,WBYSKH,Twitch,
304,XYLHVM,YouTube,
305,FJNVZJ,Discord,
306,KPOGEJ,unknown,
307,GKHVID,Twitter,
308,XVVBHI,YouTube,
309,TVJPJP,Twitter,
310,BFWSTM,YouTube,
311,GIVJLE,Twitch,
312,TIBCIB,Twitter,
313,VVXNPJ,YouTube,
314,ENTOJT,Discord,
315,SXIOFK,unknown,
316,DTFTSX,Discord,
317,BHYHLE,Twitch,
318,FWNRRR,Twitch,
319,RFHSSP,YouTube,
320,HSYAWY,Discord,
321,MEXBPO,Twitter,
322,MZZMUG,YouTube,
323,SAJLZE,YouTube,
324,WEZCIG,Discord,
325,JBVHHB,unknown,
326,GUTRYV,Twitch,
327,QIOLHR,Twitter,
328,DKPTXD,Twitch,
329,CDAHGX,YouTube,
330,JGNKPE,unknown,
331,HDBSMV,YouTube,
332,OYGITM,unknown,
333,PUIUNU,Discord,
334,PRAEXW,Twitch,
335,RRRVQT,YouTube,
336,XPBTVE,unknown,
337,KKKLDC,unknown,
338,CVCBME,YouTube,
339,HNJKYI,Twitch,
340,EMWRRD,Discord,
341,SMKMLN,Discord,
342,BDEXCT,Twitter,
343,JZZBCS,Twitter,
344,FGAWZW,Twitter,
345,DFFWSP,Twitch,
346,GYFCKT,Twitter,
347,EOESEH,Twitter,
348,FITSQM,Twitch,
349,RVSSWC,Twitter,
350,FUTOMR,Discord,
351,JQYXNC,YouTube,
352,WMHZDN,Discord,
353,KPRCMS,Discord,
354,LMYUAM,unknown,
355,NZJZDU,YouTube,
356,DDDPLX,Discord,
357,NANZVA,YouTube,
358,IQEYSI,Discord,
359,FFUGKV,Twitch,
360,YCCDOT,Twitch,
361,TTUROC,Twitter,
362,ANZUKZ,Twitch,
363,KFBYNL,YouTube,
364,MPWEWJ,unknown,
365,ZBPYOQ,Twitter,
366,QCYAMK,Discord,
367,SVKLNW,Twitch,
368,LSRMKY,Twitter,
369,JNJTRF,Twitch,
370,ZVKOSU,Twitter,
371,ZKCWIA,YouTube,
372,TOAKWL,YouTube,
373,WVPJRT,Discord,
374,BXMMTM,Twitter,
375,KCEEIK,unknown,
376,FBKLQL,YouTube,
377,ZIUAGC,Discord,
378,MXBYYL,Twitter,
379,HDXLCC,Discord,
380,THLICZ,YouTube,
381,APRRDI,Discord,
382,IIRULX,Twitter,
383,ZPDCXW,Twitch,
384,LSUXYP,unknown,
385,MCVSNJ,YouTube,
386,VMLEDU,Twitter,
387,IHIIGV,Twitter,
388,CEDSNP,Discord,
389,VUUWEB,YouTube,
390,ARTEEK,Twitch,
391,PCIQIQ,Twitch,
392,SEQLXK,unknown,
393,NJGCVS,unknown,
394,DDCUCW,Discord,
395,NZDKYR,YouTube,
396,QHMQTI,Twitch,
397,VPJFZY,YouTube,
398,JPNPES,Discord,
399,WBGHCB,YouTube,
400,RUPTSN,YouTube,
401,HXQNFA,YouTube,
402,ZRTSEJ,Discord,
403,JGBGLG,Discord,
404,LRMKPG,Discord,
405,VFIBNF,Twitch,
406,WDZLUL,Twitter,
407,QGAQZB,YouTube,
408,LJXTZB,unknown,
409,PXZDPX,unknown,
410,HSVTTG,Twitter,
411,TJAWAW,YouTube,
412,UZEZTK,YouTube,
413,XOSYAX,YouTube,
414,WYBJKZ,Discord,
415,FJXFSB,Twitch,
416,QZKTGM,Discord,
417,FAKDUR,YouTube,
418,YBVMGU,Twitter,
419,BVLANN,YouTube,
420,OKPBPY,YouTube,
421,VRAALX,Twitch,
422,MQEMNE,YouTube,
423,NPGQZY,Discord,
424,RJZPXX,unknown,
425,VODHZB,Twitch,
426,UURKKR,Twitch,
427,PIZQEV,Twitch,
428,AKZXKW,YouTube,
429,LYRGEG,Twitch,
430,WBYFOU,Twitch,
431,ABCUCJ,Discord,
432,UPWLZT,Twitter,
433,QGGYIF,Discord,
434,UCHIZV,Discord,
435,ZZKMXQ,Twitter,
436,ENLMYX,Twitter,
437,CXLQAW,Twitch,
438,OWYQTX,Discord,
439,OZVKIX,YouTube,
440,DSUZYO,unknown,
441,ISXSHV,unknown,
442,HWQTPG,unknown,
443,QSXSQV,Discord,
444,DHZLCI,Twitter,
445,KPVIQP,Twitch,
446,MXTALY,Twitch,
447,FSFGSO,unknown,
448,YWRWJK,Twitch,
449,XAPGBJ,YouTube,
450,TILMVN,YouTube,
451,RJTWEN,Twitter,
452,OYHORJ,Twitch,
453,VOCZPH,Discord,
454,UGUBJF,Twitch,
455,XPTOGR,Discord,
456,LPJDMH,unknown,
457,EHDWSF,Discord,
458,YSQMLZ,unknown,
459,TVZRPT,YouTube,
460,CSXFGT,Twitch,
461,FATSSV,Twitter,
462,JHYAWT,Twitch,
463,PDMUYX,unknown,
464,JXLLHG,Twitch,
465,IZVDVF,Twitter,
466,POMTYK,unknown,
467,QCXGKY,unknown,
468,TOOZUF,Twitter,
469,MBDNGW,Twitch,
470,NASGQP,Twitter,
471,LKNHUP,Discord,
472,MAJBQU,YouTube,
473,ADDCAC,Twitter,
474,RWLSVC,unknown,
475,IPICGG,Discord,
476,VRREME,YouTube,
477,VUSCHT,Twitter,
478,FHNKFX,YouTube,
479,LPKJRV,Twitch,
480,GFXVLX,unknown,
481,KREBHX,Twitter,
482,ELHKJW,unknown,
483,RFCIDT,Discord,
484,PNWXXS,Discord,
485,YFIHCR,YouTube,
486,RDKDMF,Discord,
487,ZPYSCQ,Discord,
488,WNTOWQ,Twitter,
489,QAEGPS,unknown,
490,DKLJDB,YouTube,
491,KCFRQY,Discord,
492,IZAXNS,unknown,
493,CISJMU,Twitch,
494,NASQUN,Twitter,
495,BAXHUV,Discord,
496,FQRINK,Discord,
497,VNAPKL,Discord,
498,YRMIUF,unknown,
499,DRPHKS,Twitter,
500,DKIMJV,Twitter,
501,MKSOBR,unknown,
502,RPHZCC,YouTube,
503,UPDVID,Twitter,
504,VUQRET,unknown,
505,DANMGT,unknown,
506,AVJITM,Discord,
507,WZINNA,unknown,
508,FPGURI,Discord,
509,EXXWNG,Twitch,
510,OZYLXR,unknown,
511,HEGLFG,Twitter,
512,SOULZK,Discord,
513,FSBQNT,Twitch,
514,OFDIVF,YouTube,
515,HGPQHO,YouTube,
516,RERRKD,YouTube,
517,QVUCMX,Discord,
518,FVOYXS,unknown,
519,RQSMYY,Discord,
520,SCKZAT,YouTube,
521,DPWYQF,unknown,
522,EAATHS,Twitch,
523,HVXQFA,YouTube,
524,SVHHOM,Twitter,
525,DFFEZJ,unknown,
526,FPZDTP,Discord,
527,DRLHJJ,Discord,
528,CDSUHZ,Twitter,
529,VPUAOW,Discord,
530,DINVZQ,Twitter,
531,CGKPQW,YouTube,
532,XZTJCV,YouTube,
533,DXIJCQ,Discord,
534,QSATAN,unknown,
535,JSMTCH,Discord,
536,CGYXYS,YouTube,
537,TNKANK,unknown,
538,VJAFWN,Twitter,
539,QJEXYP,YouTube,
540,LTJXIB,Twitter,
541,CXBIKS,Twitch,
542,JQUPLP,unknown,
543,XMNLOA,YouTube,
544,NKATBR,Twitter,
545,QUQRSA,Twitter,
546,EUWYIZ,Twitter,
547,NHIVDL,Discord,
548,DTWERN,Discord,
549,ZZQLCJ,Twitch,
550,RCVVLJ,Twitch,
551,UBQTMZ,Twitter,
552,UIVFEX,Discord,
553,JXFKMT,unknown,
554,JBWUSD,unknown,
555,FLQPZJ,Twitter,
556,CHOIKU,Discord,
557,PWGVOO,unknown,
558,ENNTHR,Discord,
559,HJZRSD,Twitch,
560,AYVERI,Twitter,
561,BKOYAD,Twitter,
562,EKZVMS,Discord,
563,THNHPK,Discord,
564,QFVKMM,YouTube,
565,IWPATY,unknown,
566,QUBLQF,Twitch,
567,XHXUQA,unknown,
568,VBLAEM,YouTube,
569,KSMVCX,Discord,
570,BUZCSS,unknown,
571,AIJXBX,Twitter,
572,GKFBBW,unknown,
573,YAZFTZ,Discord,
574,CHHPQL,unknown,
575,MGXBPN,YouTube,
576,RSRIFX,Twitch,
577,FNZJSV,Discord,
578,FIQLDM,Twitter,
579,ROVCCU,YouTube,
580,KRHKNR,Discord,
581,NKLSQX,Twitter,
582,DJEWOP,Twitter,
583,IGPNUS,Discord,
584,WVOUKT,YouTube,
585,ZNVEJJ,Twitter,
586,KGVHJP,Twitch,
587,LKEUOO,YouTube,
588,XQGVZT,Twitter,
589,NYJCUP,Discord,
590,VVKNTA,Discord,
591,WCBKDK,YouTube,
592,WSBZTW,Twitter,
593,VCWKAC,Twitter,
594,CDHVNH,YouTube,
595,RYMQXP,YouTube,
596,NRIFKQ,YouTube,
597,MHHWMJ,Twitch,
598,XKIVOI,Twitch,
599,UUTLXH,Twitch,
600,BEXMFI,Discord,
601,KYVFZZ,Twitch,
602,HJGUDB,Twitch,
603,WNKJEV,Twitch,
604,SBEGXQ,Twitter,
605,OWPGDJ,unknown,
606,EHFZNA,Twitch,
607,RMXMRB,YouTube,
608,VBFWGM,Twitch,
609,HURKDB,unknown,
610,MYWLCO,Discord,
611,HFZDJE,Discord,
612,ZHPSBZ,Twitch,
613,NARQIY,YouTube,
614,FTQIGW,YouTube,
615,CLYMTJ,Twitter,
616,GBTMID,YouTube,
617,WPSACQ,Twitter,
618,JFEDMI,Twitter,
619,USOBGG,YouTube,
620,HQSNQS,YouTube,
621,INWPVP,Twitter,
622,IMPAGW,Discord,
623,BLPKNL,Twitch,
624,EOUISZ,Discord,
625,BSWYEL,YouTube,
626,QVTFQW,unknown,
627,VWUOIK,YouTube,
628,BMKBKO,Twitter,
629,YMMHGJ,unknown,
630,XOWTPE,unknown,
631,ZHLEVV,Twitch,
632,IRCESK,YouTube,
633,CSBIJM,Twitch,
634,ZGOOHR,Discord,
635,YPNZZI,unknown,
636,QWBNXR,Twitch,
637,IPPLRU,Discord,
638,JUYSZO,YouTube,
639,WMYEKA,YouTube,
640,QPJAZV,Twitter,
641,INHSKN,Discord,
642,VXDQSA,Discord,
643,ALUWNS,Twitch,
644,URDJXA,unknown,
645,VBQAQD,unknown,
646,EBJPAU,Twitter,
647,QBWPXP,Twitter,
648,RUPSVD,Twitter,
649,CCJTJW,Discord,
650,NILVSL,YouTube,
651,GIWQBS,YouTube,
652,BMIITI,Twitch,
653,LMUKBZ,unknown,
654,ZNJYGT,unknown,
655,GZTZQA,Twitch,
656,KPATBV,Discord,
657,IVUIST,YouTube,
658,NIRFTX,Twitter,
659,IBWAFT,YouTube,
660,NRZRXY,Twitch,
661,GWGYBX,YouTube,
662,OJIPIA,Twitter,
663,HJHWLG,unknown,
664,EBJDEE,Twitch,
665,UJMNOB,Discord,
666,HQHIRN,YouTube,
667,STGKKX,YouTube,
668,KHTIDJ,Discord,
669,ALEPSF,Discord,
670,PGVBFV,Twitter,
671,OBMVSX,YouTube,
672,BTXZWO,Twitch,
673,MLWFMO,YouTube,
674,WJOAMF,Twitter,
675,TTSNEO,Twitch,
676,QQJYZX,Twitch,
677,LBHWSH,Twitch,
678,WNTLOX,Twitter,
679,JTCDCW,YouTube,
680,IJRJDO,unknown,
681,TVJLQV,Twitch,
682,YEWHQM,Discord,
683,GMWJNE,Twitter,
684,PFMYJL,Twitch,
685,CUYYEM,Twitter,
686,ZHCHWK,Discord,
687,CUIXGS,Twitch,
688,ELRSGD,YouTube,
689,JTTSRS,Twitter,
690,MDKMTH,Twitch,
691,VZZXKX,Twitch,
692,FQENHP,Twitter,
693,XHGSCB,Discord,
694,XAVKPO,Twitter,
695,ELDDJC,unknown,
696,XNEKRZ,YouTube,
697,FUQJCD,Discord,
698,MAKRZW,YouTube,
699,UXXYTQ,YouTube,
700,WMSTIY,Twitter,
701,OEANXX,unknown,
702,OWBTGZ,Twitch,
703,KTPVBU,unknown,
704,JZQZQP,Discord,
705,PNJXVS,unknown,
706,DVRXRM,YouTube,
707,FGJFKJ,Twitch,
708,UCRNNZ,unknown,
709,NPLPHL,Twitch,
710,HGKBGG,unknown,
711,HOXJOE,Twitch,
712,PZYPVX,unknown,
713,OBASDN,Discord,
714,DZASYS,Twitch,
715,JRYXZN,Twitter,
716,HFAGUM,YouTube,
717,CDDFXO,Twitch,
718,PNLHDO,YouTube,
719,TMBSOC,unknown,
720,ZMGATU,unknown,
721,JKVQQR,unknown,
722,RCZABV,unknown,
723,JKPOZE,unknown,
724,MHEQHF,Discord,
725,KFFUZU,YouTube,
726,TGKQFY,Twitch,
727,CISQRB,Discord,
728,XJMPRQ,Discord,
729,OZYZJY,Discord,
730,KBSNTO,Discord,
731,FFRPZH,Discord,
732,MPQYHU,YouTube,
733,BBQQZC,Twitch,
734,QHEOAJ,YouTube,
735,BOTLMF,Twitch,
736,ZTXLRL,Discord,
737,ABTNLQ,Discord,
738,GOSYUO,unknown,
739,SOOAHM,Twitter,
740,SAYMMV,Twitter,
741,ZMPLVS,YouTube,
742,KMFXBB,YouTube,
743,YJUOTL,Twitch,
744,EERWSN,unknown,
745,BSRSCY,Twitch,
746,DOCHIS,unknown,
747,YZQBYR,Twitter,
748,ZHHESZ,Twitter,
749,YTEUWG,unknown,
750,XAGPOQ,Twitch,
751,YKPCCU,YouTube,
752,XWYHXU,unknown,
753,VQNZIT,unknown,
754,OBMAQK,unknown,
755,KMFPPN,Twitch,
756,WTIAUF,YouTube,
757,YOUIOR,Twitch,
758,RWDJEM,Discord,
759,ZSMMAF,Discord,
760,AIQQNZ,unknown,
761,AQHBCA,unknown,
762,PANVUA,unknown,
763,ESEKDH,YouTube,
764,AMANMP,YouTube,
765,GAMJWJ,unknown,
766,BBRQSY,YouTube,
767,NTSQYL,Twitter,
768,GFBVLF,unknown,
769,GQMNVL,Twitter,
770,CXYQEG,Twitch,
771,GTFUIZ,Twitter,
772,UKDGZV,Twitch,
773,WQUFGG,Twitch,
774,OTVHTI,unknown,
775,UOZUFV,unknown,
776,ZJWUNG,Twitch,
777,TCGGBP,YouTube,
778,GVREOQ,Discord,
779,DAQIDG,Twitter,
780,RUJBRI,Twitch,
781,KOBOOI,Discord,
782,PROGWH,unknown,
783,BVFZEX,unknown,
784,FLJNJY,Twitch,
785,LHOZTB,YouTube,
786,DYLTAT,Twitch,
787,XAEINT,Twitter,
788,TGXBQF,Discord,
789,HABQVF,YouTube,
790,VZMFRP,Twitch,
791,PFNEJA,Twitter,
792,DFBMWF,Twitter,
793,ASEEAW,YouTube,
794,ESQGXN,Twitter,
795,XGOSMT,Twitter,
796,RSLOZT,Twitter,
797,MMSZBA,Twitter,
798,PZUQPR,Twitch,
799,EDPEUY,YouTube,
800,BWNSXZ,Discord,
801,ZYCZEE,Discord,
802,CSJBXG,Twitter,
803,NLDKFD,Twitch,
804,DSRHLM,Twitter,
805,MAVFKD,Twitter,
806,HIQGMS,Twitch,
807,XEZWJO,unknown,
808,GHJLHM,YouTube,
809,GFOTOT,Discord,
810,WMRHEB,Twitch,
811,RRULDH,Discord,
812,DRMPLW,Twitch,
813,MCXFDA,Twitch,
814,USHJWW,unknown,
815,BTGZDB,Twitter,
816,QLACGD,YouTube,
817,KQSBHR,unknown,
818,PYOUAP,Discord,
819,LZYARL,YouTube,
820,TTQNYV,Twitter,
821,WTYMQE,unknown,
822,KAZWCX,Twitch,
823,TLHIUO,Discord,
824,BYQRKP,unknown,
825,BFZQUK,unknown,
826,MYKNGL,YouTube,
827,HYRPBV,Discord,
828,SUOYWL,Discord,
829,JCQWAL,Discord,
830,OWCCEC,YouTube,
831,FPPNZK,Discord,
832,PCOJUY,YouTube,
833,EVIWMK,Twitch,
834,JEDMZQ,YouTube,
835,FBMEED,Twitter,
836,XDLUYG,Discord,
837,AOCYSL,Twitter,
838,PTNTAC,Twitter,
839,ZSALCD,Twitch,
840,JGVQOI,unknown,
841,DBBNOD,Twitch,
842,BRVFEX,YouTube,
843,BTFGHY,YouTube,
844,WGELST,Discord,
845,HEGVFX,Twitter,
846,WXZAIY,Twitch,
847,QWDLMI,unknown,
848,REPOMB,Twitch,
849,CGJNPT,Discord,
850,HIFRXV,Twitch,
851,UAJVOT,unknown,
852,HHKOBT,unknown,
853,KGCXQC,Twitter,
854,JBQWQR,Twitter,
855,ILJCCW,Discord,
856,HJLEGX,Twitter,
857,IXFIDR,YouTube,
858,SGWFTL,Twitter,
859,ZQWOSM,YouTube,
860,TZQDUQ,Twitch,
861,SAULBZ,YouTube,
862,ZXNZDJ,Discord,
863,PQLSSJ,unknown,
864,ZZNVUN,Discord,
865,HRTHXZ,Discord,
866,YHETXV,Discord,
867,RDYHEH,Discord,
868,FMFEAI,Twitter,
869,AMOGPZ,Twitch,
870,PQHAVH,unknown,
871,RMJUHN,YouTube,
872,RLVFTP,YouTube,
873,LLMITQ,Twitch,
874,AFDKVG,Discord,
875,LCACHU,Discord,
876,SLBVJM,unknown,
877,QNGTYX,YouTube,
878,RTQOEX,Discord,
879,FAKWOA,Twitter,
880,DPQTBL,unknown,
881,QXXQJX,Twitter,
882,IWRYKY,Twitter,
883,PVPHEW,Twitch,
884,GTKDQB,Twitch,
885,EBYQBK,Twitter,
886,LSSAGP,Twitch,
887,SERMEN,Twitter,
888,QKIYEJ,Discord,
889,SREWQX,Twitch,
890,VWHYNJ,Twitter,
891,GSAEST,unknown,
892,FODPQL,unknown,
893,DLNKES,Twitch,
894,AJREVX,unknown,
895,VVSWGW,YouTube,
896,BAPITW,YouTube,
897,AKFTGA,unknown,
898,GOEIHZ,Twitter,
899,IKOHDC,unknown,
900,PSJGBM,unknown,
901,EVZUAU,unknown,
902,YMAOMV,Twitter,
903,ZHMOBH,Twitter,
904,YOPCQK,YouTube,
905,OXUVXS,Twitch,
906,RCUVOC,YouTube,
907,VHLWMO,Twitter,
908,BKFMVI,Twitter,
909,YHAZJJ,Twitter,
910,ENSLHG,Twitter,
911,YNPJEI,Twitter,
912,TLOKBL,Twitter,
913,JAZFFL,Discord,
914,UNTGJQ,Discord,
915,TLAHIO,unknown,
916,RMAACG,Discord,
917,HRUDQO,YouTube,
918,KOJANW,unknown,
919,SRTHRX,Twitch,
920,MOSURF,Twitter,
921,QQXPIL,Discord,
922,JJZWTW,YouTube,
923,GRXCBC,Twitch,
924,PHHMAF,Twitter,
925,FQWNGS,Twitter,
926,NNIYCC,Twitch,
927,GQBDGW,Twitch,
928,SJERAV,Twitch,
929,GKZYTL,YouTube,
930,QDQWKR,unknown,
931,DJDTJZ,unknown,
932,VLVYSY,Discord,
933,DZYAMC,Twitter,
934,MVLNWZ,Discord,
935,HXGRAQ,unknown,
936,UCSYXX,Twitch,
937,EHAIHN,Twitter,
938,DVGGII,unknown,
939,YXZZVD,Twitter,
940,ABAVFS,Discord,
941,DYXZYK,unknown,
942,UQRZUS,Discord,
943,VGLPFR,Twitter,
944,TYNSJB,YouTube,
945,FDQJGI,Twitch,
946,GURXPJ,Discord,
947,VQDUOC,Twitter,
948,ACSOZQ,unknown,
949,RPGTRS,Discord,
950,FZXLWY,Twitter,
951,PMXWCU,YouTube,
952,KXHFXX,Discord,
953,IBWUIQ,Twitter,
954,NHYYEJ,Discord,
955,JIMQDQ,Twitter,
956,BYEWIJ,Twitch,
957,ASJZRD,Twitter,
958,YTEYKZ,Twitter,
959,XVNRPQ,Twitter,
960,VKSINW,unknown,
961,OTGYSS,Twitter,
962,BEHSYG,Twitch,
963,QIIHXY,YouTube,
964,NJPLVC,Twitch,
965,KCQOCZ,YouTube,
966,XFFBUG,unknown,
967,QBKOZV,unknown,
968,BGONVM,unknown,
969,KCPWHC,YouTube,
970,FRIJQP,Twitch,
971,OMMEYX,Discord,
972,UMALXS,unknown,
973,JQXNIN,YouTube,
974,QQMSUS,Twitch,
975,NLXTKE,unknown,
976,YZUVDX,Twitter,
977,TRUARC,Twitch,
978,QMIMZX,YouTube,
979,LFJWNX,Discord,
980,BILKJA,Discord,
981,OJKMLK,Discord,
982,YWTMWH,Twitter,
983,ADXZER,Twitch,
984,KNFXZJ,unknown,
985,WGUGHZ,Twitch,
986,QNOJGC,Discord,
987,KZJLKG,Twitter,
988,UCIDIF,Discord,
989,QCEARJ,YouTube,
990,HMWJSR,Twitch,
991,OHHBQZ,Twitter,
992,KOBPPI,Discord,
993,VXRWTZ,Twitter,
994,XXVNCT,YouTube,
995,XQPKTE,YouTube,
996,RJZQXM,Twitch,
997,VAWBDM,Twitter,
998,HLMEXQ,Discord,
999,ICXIVN,Discord,
1000,JEAZVU,unknown,
